Feature,p-value
age,2.526246043018418e-07
male,4.725039305816433e-32
bmi,9.26895861395075e-55
caucasian,0.9444805296640522
aframer,0.0024180828911961405
asian,1.2376875518567447e-14
csamer,3.2651346696419496e-20
other,0.03711467913841404
