iter	Logloss
0	0.6539258957
1	0.6171545549
2	0.586935997
3	0.5573977557
4	0.5290824717
