iter	Logloss
0	0.6887062246
1	0.6842394309
2	0.67926797
3	0.675364581
4	0.6719328707
5	0.6665456945
6	0.6619563536
7	0.6570202221
8	0.6528328982
9	0.6489379189
10	0.6455990618
11	0.6414358833
12	0.6362034191
13	0.6316165057
14	0.6268107674
15	0.6234454242
16	0.6190110553
17	0.6156654358
18	0.6107617725
