Feature,p-value
age,9.94797716846189e-16
male,4.2996983090001647e-29
bmi,7.5267675235656955e-65
caucasian,0.1320251463353401
aframer,0.0006911472672774881
asian,9.035660447137974e-08
csamer,6.615137381947024e-19
other,0.1743721927314814
