,class,age,male,bmi,caucasian,aframer,asian,csamer,other,medhx_hbp,medhx_cad,medhx_heart_fail,medhx_stroke,medhx_ldl,medhx_dm,medhx_afib
count,3111.0,3111.0,3111.0,3111.0,3104.0,3104.0,3104.0,3104.0,3104.0,2537.0,2517.0,2520.0,2526.0,2489.0,2525.0,2293.0
mean,0.4532304725168756,49.97653487624558,0.6046287367405979,29.759539627933137,0.3089561855670103,0.037371134020618556,0.37822164948453607,0.20940721649484537,0.06604381443298969,0.4465904611746157,0.09773539928486293,0.04126984126984127,0.034045922406967535,0.45118521494576136,0.12712871287128713,0.06018316615787178
std,0.49788783255937974,13.938487822574348,0.48900888878321164,7.0490580951655835,0.46213749694043266,0.18970009444121283,0.4850214647864699,0.40695108754015424,0.2483986859866326,0.49723724394917934,0.2970155551053338,0.19895313205038073,0.18138308093290348,0.49771140365147826,0.33318308476688036,0.23787776337830005
min,0.0,17.0,0.0,17.0392308,0.0,0.0,0.0,0.0,0.0,0.0,0.0,0.0,0.0,0.0,0.0,0.0
25%,0.0,39.0,0.0,25.01352082,0.0,0.0,0.0,0.0,0.0,0.0,0.0,0.0,0.0,0.0,0.0,0.0
50%,0.0,50.0,1.0,28.37370242,0.0,0.0,0.0,0.0,0.0,0.0,0.0,0.0,0.0,0.0,0.0,0.0
75%,1.0,60.0,1.0,32.9246912,1.0,0.0,1.0,0.0,0.0,1.0,0.0,0.0,0.0,1.0,0.0,0.0
max,1.0,89.0,1.0,75.3046875,1.0,1.0,1.0,1.0,1.0,1.0,1.0,1.0,1.0,1.0,1.0,1.0
